Name,Group,Subgroup
I2L,Pharynx,
I1L,Pharynx,
M3L,Pharynx,
MCR,Pharynx,
NSML,Pharynx,
pm4VL,Pharynx,
RIPL,InterNeurons,InterNeurons_0
I2R,Pharynx,
I1R,Pharynx,
I3,Pharynx,
NSMR,Pharynx,
pm3VR,Pharynx,
pm4VR,Pharynx,
RIPR,InterNeurons,InterNeurons_0
I4,Pharynx,
M2L,Pharynx,
e3VL,Pharynx,
M1,Pharynx,
M2R,Pharynx,
e3VR,Pharynx,
MI,Pharynx,
pm4D,Pharynx,
pm5D,Pharynx,
M4,Pharynx,
pm5VL,Pharynx,
I5,Pharynx,
M5,Pharynx,
g1AL,Pharynx,
g1AR,Pharynx,
I6,Pharynx,
MCL,Pharynx,
M3R,Pharynx,
pm5VR,Pharynx,
pm6VL,Pharynx,
pm6VR,Pharynx,
pm2D,Pharynx,
pm1,Pharynx,
pm2VL,Pharynx,
pm2VR,Pharynx,
e3D,Pharynx,
pm3D,Pharynx,
pm3VL,Pharynx,
mc1DL,Pharynx,
mc1DR,Pharynx,
mc1V,Pharynx,
pm6D,Pharynx,
mc2DL,Pharynx,
mc2DR,Pharynx,
mc2V,Pharynx,
mc3DL,Pharynx,
mc3DR,Pharynx,
mc3V,Pharynx,
pm8,Pharynx,
pm7D,Pharynx,
pm7VL,Pharynx,
pm7VR,Pharynx,
e2D,Pharynx,
e2VL,Pharynx,
e2VR,Pharynx,
ASIR,SensoryNeurons,SensoryNeurons_6
ASIL,SensoryNeurons,SensoryNeurons_6
AINR,InterNeurons,InterNeurons_4
AIAL,InterNeurons,InterNeurons_3
CEPshVL,OtherEndOrgans,
ASGR,SensoryNeurons,SensoryNeurons_6
AIYR,InterNeurons,InterNeurons_3
AIAR,InterNeurons,InterNeurons_3
ASJR,SensoryNeurons,SensoryNeurons_6
ASJL,SensoryNeurons,SensoryNeurons_6
IL2L,SensoryNeurons,SensoryNeurons_1
ALA,InterNeurons,InterNeurons_3
PVQL,InterNeurons,InterNeurons_3
SMDDR,MotorNeurons,MotorNeurons_Sublateral
AIMR,InterNeurons,InterNeurons_4
PVQR,InterNeurons,InterNeurons_3
AWAR,SensoryNeurons,SensoryNeurons_6
AWAL,SensoryNeurons,SensoryNeurons_6
ADLL,SensoryNeurons,SensoryNeurons_5
AIZL,InterNeurons,InterNeurons_3
ADFR,SensoryNeurons,SensoryNeurons_6
AIZR,InterNeurons,InterNeurons_3
AWBL,SensoryNeurons,SensoryNeurons_6
ASGL,SensoryNeurons,SensoryNeurons_6
ASEL,SensoryNeurons,SensoryNeurons_6
AIML,InterNeurons,InterNeurons_4
ASER,SensoryNeurons,SensoryNeurons_6
AWCR,SensoryNeurons,SensoryNeurons_6
ADLR,SensoryNeurons,SensoryNeurons_5
AINL,InterNeurons,InterNeurons_4
AWBR,SensoryNeurons,SensoryNeurons_6
AUAL,InterNeurons,InterNeurons_3
RMGL,InterNeurons,InterNeurons_2
AUAR,InterNeurons,InterNeurons_3
RMGR,InterNeurons,InterNeurons_2
RICL,InterNeurons,InterNeurons_2
AFDL,SensoryNeurons,SensoryNeurons_6
AFDR,SensoryNeurons,SensoryNeurons_6
AWCL,SensoryNeurons,SensoryNeurons_6
hyp,OtherEndOrgans,
ADFL,SensoryNeurons,SensoryNeurons_6
ASHL,SensoryNeurons,SensoryNeurons_5
URBL,InterNeurons,InterNeurons_4
ADAL,InterNeurons,InterNeurons_3
RIAL,InterNeurons,InterNeurons_1
GLRVR,OtherEndOrgans,
exc_gl,OtherEndOrgans,
RIH,InterNeurons,InterNeurons_4
ADAR,InterNeurons,InterNeurons_3
SMDVR,MotorNeurons,MotorNeurons_Sublateral
SMBVR,MotorNeurons,MotorNeurons_Sublateral
AIYL,InterNeurons,InterNeurons_3
AIBL,InterNeurons,InterNeurons_2
AVEL,InterNeurons,InterNeurons_1
ASHR,SensoryNeurons,SensoryNeurons_5
URBR,InterNeurons,InterNeurons_4
AIBR,InterNeurons,InterNeurons_2
RMDVR,MotorNeurons,MotorNeurons_Head
ASKR,SensoryNeurons,SensoryNeurons_6
ASKL,SensoryNeurons,SensoryNeurons_6
AVHL,InterNeurons,InterNeurons_3
HSNL,SexSpecificCells,SexSpecificCells_MotorNeurons
AVHR,InterNeurons,InterNeurons_3
HSNR,SexSpecificCells,SexSpecificCells_MotorNeurons
RICR,InterNeurons,InterNeurons_2
AVER,InterNeurons,InterNeurons_1
AVAR,InterNeurons,InterNeurons_1
AVDR,InterNeurons,InterNeurons_2
BAGR,SensoryNeurons,SensoryNeurons_4
BAGL,SensoryNeurons,SensoryNeurons_4
RIR,InterNeurons,InterNeurons_4
RIGL,InterNeurons,InterNeurons_2
RIGR,InterNeurons,InterNeurons_2
URXL,SensoryNeurons,SensoryNeurons_4
IL2R,SensoryNeurons,SensoryNeurons_1
URXR,SensoryNeurons,SensoryNeurons_4
ALNL,SensoryNeurons,SensoryNeurons_4
SMDVL,MotorNeurons,MotorNeurons_Sublateral
SMBDR,MotorNeurons,MotorNeurons_Sublateral
ADER,SensoryNeurons,SensoryNeurons_3
ALNR,SensoryNeurons,SensoryNeurons_4
PVR,InterNeurons,InterNeurons_3
SMDDL,MotorNeurons,MotorNeurons_Sublateral
PHAL,SensoryNeurons,SensoryNeurons_2
PLNL,SensoryNeurons,SensoryNeurons_4
PHBL,SensoryNeurons,SensoryNeurons_2
PHCL,SensoryNeurons,SensoryNeurons_2
PLMR,SensoryNeurons,SensoryNeurons_3
PLNR,SensoryNeurons,SensoryNeurons_4
PHAR,SensoryNeurons,SensoryNeurons_2
VA02,MotorNeurons,MotorNeurons_VentralCord
SDQR,SensoryNeurons,SensoryNeurons_4
SDQL,SensoryNeurons,SensoryNeurons_4
FLPL,SensoryNeurons,SensoryNeurons_3
DVA,SensoryNeurons,SensoryNeurons_3
SIADR,MotorNeurons,MotorNeurons_Sublateral
ALMR,SensoryNeurons,SensoryNeurons_3
SAADL,InterNeurons,InterNeurons_2
AVBL,InterNeurons,InterNeurons_1
RIVL,MotorNeurons,MotorNeurons_Head
RIVR,MotorNeurons,MotorNeurons_Head
SIBVL,MotorNeurons,MotorNeurons_Sublateral
SIAVR,MotorNeurons,MotorNeurons_Sublateral
PVPL,InterNeurons,InterNeurons_3
AQR,SensoryNeurons,SensoryNeurons_4
PVPR,InterNeurons,InterNeurons_3
AVKL,InterNeurons,InterNeurons_2
AVKR,InterNeurons,InterNeurons_2
PQR,SensoryNeurons,SensoryNeurons_4
PVNL,InterNeurons,InterNeurons_3
PVNR,InterNeurons,InterNeurons_3
AVJL,InterNeurons,InterNeurons_2
AVJR,InterNeurons,InterNeurons_2
AVDL,InterNeurons,InterNeurons_2
PVCL,InterNeurons,InterNeurons_1
AVM,SensoryNeurons,SensoryNeurons_3
ALML,SensoryNeurons,SensoryNeurons_3
RMDDR,MotorNeurons,MotorNeurons_Head
PVM,SensoryNeurons,SensoryNeurons_3
PDEL,SensoryNeurons,SensoryNeurons_3
PDER,SensoryNeurons,SensoryNeurons_3
DB03,MotorNeurons,MotorNeurons_VentralCord
VD09,MotorNeurons,MotorNeurons_VentralCord
PLML,SensoryNeurons,SensoryNeurons_3
LUAL,InterNeurons,InterNeurons_3
AVAL,InterNeurons,InterNeurons_1
LUAR,InterNeurons,InterNeurons_3
PVCR,InterNeurons,InterNeurons_1
FLPR,SensoryNeurons,SensoryNeurons_3
DD01,MotorNeurons,MotorNeurons_VentralCord
DA01,MotorNeurons,MotorNeurons_VentralCord
DA02,MotorNeurons,MotorNeurons_VentralCord
DA03,MotorNeurons,MotorNeurons_VentralCord
AS01,MotorNeurons,MotorNeurons_VentralCord
SAAVR,InterNeurons,InterNeurons_2
DVC,InterNeurons,InterNeurons_2
PVT,InterNeurons,InterNeurons_2
AVBR,InterNeurons,InterNeurons_1
DA09,MotorNeurons,MotorNeurons_VentralCord
PDA,MotorNeurons,MotorNeurons_VentralCord
DB01,MotorNeurons,MotorNeurons_VentralCord
DB07,MotorNeurons,MotorNeurons_VentralCord
AS11,MotorNeurons,MotorNeurons_VentralCord
VA11,MotorNeurons,MotorNeurons_VentralCord
PVDR,SensoryNeurons,SensoryNeurons_3
PVDL,SensoryNeurons,SensoryNeurons_3
AVG,InterNeurons,InterNeurons_3
DA05,MotorNeurons,MotorNeurons_VentralCord
VA10,MotorNeurons,MotorNeurons_VentralCord
CANL,OtherEndOrgans,
hmc,OtherEndOrgans,
AS03,MotorNeurons,MotorNeurons_VentralCord
CANR,OtherEndOrgans,
ADEL,SensoryNeurons,SensoryNeurons_3
RMER,MotorNeurons,MotorNeurons_Head
SIBDL,MotorNeurons,MotorNeurons_Sublateral
VB10,MotorNeurons,MotorNeurons_VentralCord
VD06,MotorNeurons,MotorNeurons_VentralCord
VB09,MotorNeurons,MotorNeurons_VentralCord
PHCR,SensoryNeurons,SensoryNeurons_2
PHBR,SensoryNeurons,SensoryNeurons_2
VA12,MotorNeurons,MotorNeurons_VentralCord
URADL,MotorNeurons,MotorNeurons_Head
IL2DL,SensoryNeurons,SensoryNeurons_1
URADR,MotorNeurons,MotorNeurons_Head
IL2DR,SensoryNeurons,SensoryNeurons_1
RMED,MotorNeurons,MotorNeurons_Head
OLLL,SensoryNeurons,SensoryNeurons_1
URAVL,MotorNeurons,MotorNeurons_Head
RMDL,MotorNeurons,MotorNeurons_Head
IL2VL,SensoryNeurons,SensoryNeurons_1
CEPVR,SensoryNeurons,SensoryNeurons_1
IL2VR,SensoryNeurons,SensoryNeurons_1
IL1VR,SensoryNeurons,SensoryNeurons_1
OLQDL,SensoryNeurons,SensoryNeurons_1
CEPDL,SensoryNeurons,SensoryNeurons_1
OLQDR,SensoryNeurons,SensoryNeurons_1
CEPDR,SensoryNeurons,SensoryNeurons_1
GLRDL,OtherEndOrgans,
GLRDR,OtherEndOrgans,
OLQVL,SensoryNeurons,SensoryNeurons_1
CEPVL,SensoryNeurons,SensoryNeurons_1
OLQVR,SensoryNeurons,SensoryNeurons_1
URYDL,SensoryNeurons,SensoryNeurons_1
URYDR,SensoryNeurons,SensoryNeurons_1
URYVL,SensoryNeurons,SensoryNeurons_1
URYVR,SensoryNeurons,SensoryNeurons_1
OLLR,SensoryNeurons,SensoryNeurons_1
RIBL,InterNeurons,InterNeurons_2
RMDVL,MotorNeurons,MotorNeurons_Head
RIBR,InterNeurons,InterNeurons_2
RMDDL,MotorNeurons,MotorNeurons_Head
RMHR,MotorNeurons,MotorNeurons_Head
IL1DR,SensoryNeurons,SensoryNeurons_1
IL1DL,SensoryNeurons,SensoryNeurons_1
IL1L,SensoryNeurons,SensoryNeurons_1
RMEV,MotorNeurons,MotorNeurons_Head
IL1R,SensoryNeurons,SensoryNeurons_1
IL1VL,SensoryNeurons,SensoryNeurons_1
URAVR,MotorNeurons,MotorNeurons_Head
SIBDR,MotorNeurons,MotorNeurons_Sublateral
RIML,InterNeurons,InterNeurons_1
RIMR,InterNeurons,InterNeurons_1
RIS,InterNeurons,InterNeurons_3
RMDR,MotorNeurons,MotorNeurons_Head
RID,InterNeurons,InterNeurons_1
exc_cell,OtherEndOrgans,
AVFR,InterNeurons,InterNeurons_3
DA08,MotorNeurons,MotorNeurons_VentralCord
AVFL,InterNeurons,InterNeurons_3
DVB,InterNeurons,InterNeurons_3
PVWR,InterNeurons,InterNeurons_2
RIFL,InterNeurons,InterNeurons_3
VD01,MotorNeurons,MotorNeurons_VentralCord
RIFR,InterNeurons,InterNeurons_3
BDUL,InterNeurons,InterNeurons_3
BDUR,InterNeurons,InterNeurons_3
PDB,MotorNeurons,MotorNeurons_VentralCord
VD13,MotorNeurons,MotorNeurons_VentralCord
VD12,MotorNeurons,MotorNeurons_VentralCord
VC04,SexSpecificCells,SexSpecificCells_MotorNeurons
VC05,SexSpecificCells,SexSpecificCells_MotorNeurons
VB01,MotorNeurons,MotorNeurons_VentralCord
AS10,MotorNeurons,MotorNeurons_VentralCord
SIAVL,MotorNeurons,MotorNeurons_Sublateral
DD06,MotorNeurons,MotorNeurons_VentralCord
AVL,InterNeurons,InterNeurons_2
vBWML19,BodyWallMuscles,
PVWL,InterNeurons,InterNeurons_2
VC01,SexSpecificCells,SexSpecificCells_MotorNeurons
SIBVR,MotorNeurons,MotorNeurons_Sublateral
SIADL,MotorNeurons,MotorNeurons_Sublateral
RMFL,InterNeurons,InterNeurons_1
RMEL,MotorNeurons,MotorNeurons_Head
RMHL,MotorNeurons,MotorNeurons_Head
SMBDL,MotorNeurons,MotorNeurons_Sublateral
SAADR,InterNeurons,InterNeurons_2
SAAVL,InterNeurons,InterNeurons_2
RIAR,InterNeurons,InterNeurons_1
SMBVL,MotorNeurons,MotorNeurons_Sublateral
VB11,MotorNeurons,MotorNeurons_VentralCord
VD11,MotorNeurons,MotorNeurons_VentralCord
VC06,SexSpecificCells,SexSpecificCells_MotorNeurons
VC02,SexSpecificCells,SexSpecificCells_MotorNeurons
VC03,SexSpecificCells,SexSpecificCells_MotorNeurons
DB04,MotorNeurons,MotorNeurons_VentralCord
DB05,MotorNeurons,MotorNeurons_VentralCord
DB06,MotorNeurons,MotorNeurons_VentralCord
AS06,MotorNeurons,MotorNeurons_VentralCord
VB02,MotorNeurons,MotorNeurons_VentralCord
VB04,MotorNeurons,MotorNeurons_VentralCord
VB05,MotorNeurons,MotorNeurons_VentralCord
VB06,MotorNeurons,MotorNeurons_VentralCord
VB07,MotorNeurons,MotorNeurons_VentralCord
VB08,MotorNeurons,MotorNeurons_VentralCord
DB02,MotorNeurons,MotorNeurons_VentralCord
AS05,MotorNeurons,MotorNeurons_VentralCord
VB03,MotorNeurons,MotorNeurons_VentralCord
SABD,MotorNeurons,MotorNeurons_Sublateral
SABVR,MotorNeurons,MotorNeurons_Sublateral
DA04,MotorNeurons,MotorNeurons_VentralCord
DA06,MotorNeurons,MotorNeurons_VentralCord
DA07,MotorNeurons,MotorNeurons_VentralCord
VA01,MotorNeurons,MotorNeurons_VentralCord
VA03,MotorNeurons,MotorNeurons_VentralCord
VA04,MotorNeurons,MotorNeurons_VentralCord
VA06,MotorNeurons,MotorNeurons_VentralCord
VA07,MotorNeurons,MotorNeurons_VentralCord
VA08,MotorNeurons,MotorNeurons_VentralCord
VA09,MotorNeurons,MotorNeurons_VentralCord
SABVL,MotorNeurons,MotorNeurons_Sublateral
VA05,MotorNeurons,MotorNeurons_VentralCord
GLRL,OtherEndOrgans,
GLRR,OtherEndOrgans,
CEPshVR,OtherEndOrgans,
GLRVL,OtherEndOrgans,
AS02,MotorNeurons,MotorNeurons_VentralCord
AS04,MotorNeurons,MotorNeurons_VentralCord
DD03,MotorNeurons,MotorNeurons_VentralCord
DD02,MotorNeurons,MotorNeurons_VentralCord
VD02,MotorNeurons,MotorNeurons_VentralCord
VD03,MotorNeurons,MotorNeurons_VentralCord
vBWML8,BodyWallMuscles,
vBWMR8,BodyWallMuscles,
VD04,MotorNeurons,MotorNeurons_VentralCord
VD05,MotorNeurons,MotorNeurons_VentralCord
DD04,MotorNeurons,MotorNeurons_VentralCord
VD07,MotorNeurons,MotorNeurons_VentralCord
DD05,MotorNeurons,MotorNeurons_VentralCord
VD08,MotorNeurons,MotorNeurons_VentralCord
VD10,MotorNeurons,MotorNeurons_VentralCord
dBWML9,BodyWallMuscles,
dBWML2,BodyWallMuscles,
dBWML1,BodyWallMuscles,
dBWML3,BodyWallMuscles,
dBWML4,BodyWallMuscles,
dBWML5,BodyWallMuscles,
dBWML6,BodyWallMuscles,
dBWML7,BodyWallMuscles,
dBWML8,BodyWallMuscles,
dBWMR2,BodyWallMuscles,
dBWMR1,BodyWallMuscles,
dBWMR3,BodyWallMuscles,
dBWMR4,BodyWallMuscles,
dBWMR5,BodyWallMuscles,
dBWMR6,BodyWallMuscles,
dBWMR7,BodyWallMuscles,
dBWMR8,BodyWallMuscles,
vBWML2,BodyWallMuscles,
vBWML1,BodyWallMuscles,
vBWML3,BodyWallMuscles,
vBWML4,BodyWallMuscles,
vBWML5,BodyWallMuscles,
vBWML6,BodyWallMuscles,
vBWML7,BodyWallMuscles,
vBWMR2,BodyWallMuscles,
vBWMR1,BodyWallMuscles,
vBWMR3,BodyWallMuscles,
vBWMR4,BodyWallMuscles,
vBWMR5,BodyWallMuscles,
vBWMR6,BodyWallMuscles,
vBWMR7,BodyWallMuscles,
dBWML10,BodyWallMuscles,
dBWML11,BodyWallMuscles,
dBWML12,BodyWallMuscles,
dBWML13,BodyWallMuscles,
dBWML14,BodyWallMuscles,
dBWML15,BodyWallMuscles,
dBWML16,BodyWallMuscles,
dBWML17,BodyWallMuscles,
dBWML18,BodyWallMuscles,
dBWML19,BodyWallMuscles,
dBWML20,BodyWallMuscles,
dBWML21,BodyWallMuscles,
dBWML22,BodyWallMuscles,
dBWML23,BodyWallMuscles,
dBWML24,BodyWallMuscles,
dBWMR9,BodyWallMuscles,
dBWMR10,BodyWallMuscles,
dBWMR11,BodyWallMuscles,
dBWMR12,BodyWallMuscles,
dBWMR13,BodyWallMuscles,
dBWMR14,BodyWallMuscles,
dBWMR15,BodyWallMuscles,
dBWMR16,BodyWallMuscles,
dBWMR17,BodyWallMuscles,
dBWMR18,BodyWallMuscles,
dBWMR19,BodyWallMuscles,
dBWMR20,BodyWallMuscles,
dBWMR21,BodyWallMuscles,
dBWMR22,BodyWallMuscles,
dBWMR23,BodyWallMuscles,
dBWMR24,BodyWallMuscles,
vBWML9,BodyWallMuscles,
vBWML10,BodyWallMuscles,
vBWML11,BodyWallMuscles,
vBWML12,BodyWallMuscles,
vBWML13,BodyWallMuscles,
vBWML14,BodyWallMuscles,
vBWML15,BodyWallMuscles,
vBWML16,BodyWallMuscles,
vBWML17,BodyWallMuscles,
vBWML18,BodyWallMuscles,
vBWML20,BodyWallMuscles,
vBWML21,BodyWallMuscles,
vBWML22,BodyWallMuscles,
vBWML23,BodyWallMuscles,
vBWMR9,BodyWallMuscles,
vBWMR10,BodyWallMuscles,
vBWMR11,BodyWallMuscles,
vBWMR12,BodyWallMuscles,
vBWMR13,BodyWallMuscles,
vBWMR14,BodyWallMuscles,
vBWMR15,BodyWallMuscles,
vBWMR16,BodyWallMuscles,
vBWMR17,BodyWallMuscles,
vBWMR18,BodyWallMuscles,
vBWMR19,BodyWallMuscles,
vBWMR20,BodyWallMuscles,
vBWMR21,BodyWallMuscles,
vBWMR22,BodyWallMuscles,
vBWMR23,BodyWallMuscles,
vBWMR24,BodyWallMuscles,
mu_intR,OtherEndOrgans,
mu_anal,OtherEndOrgans,
mu_sph,OtherEndOrgans,
mu_intL,OtherEndOrgans,
vm2AL,SexSpecificCells,SexSpecificCells_Muscles
vm2AR,SexSpecificCells,SexSpecificCells_Muscles
vm2PL,SexSpecificCells,SexSpecificCells_Muscles
vm2PR,SexSpecificCells,SexSpecificCells_Muscles
um2AR,SexSpecificCells,SexSpecificCells_Muscles
um2AL,SexSpecificCells,SexSpecificCells_Muscles
um1AL,SexSpecificCells,SexSpecificCells_Muscles
um1AR,SexSpecificCells,SexSpecificCells_Muscles
um1PL,SexSpecificCells,SexSpecificCells_Muscles
um1PR,SexSpecificCells,SexSpecificCells_Muscles
um2PL,SexSpecificCells,SexSpecificCells_Muscles
um2PR,SexSpecificCells,SexSpecificCells_Muscles
vm1AL,SexSpecificCells,SexSpecificCells_Muscles
vm1AR,SexSpecificCells,SexSpecificCells_Muscles
vm1PL,SexSpecificCells,SexSpecificCells_Muscles
vm1PR,SexSpecificCells,SexSpecificCells_Muscles
RMFR,InterNeurons,InterNeurons_1
AS07,MotorNeurons,MotorNeurons_VentralCord
AS08,MotorNeurons,MotorNeurons_VentralCord
AS09,MotorNeurons,MotorNeurons_VentralCord
CEPshDL,OtherEndOrgans,
CEPshDR,OtherEndOrgans,
int,OtherEndOrgans,
