EndNodes_1,EndNodes_2,Weight
I2L,I1L,2
I2L,I4,1
I2L,M2L,1
I2L,e3VL,2
I1L,M3L,2
I1L,MCR,1
I1L,NSML,3
I1L,pm4VL,1
I1L,RIPL,2
M3L,NSMR,1
M3L,pm4D,2
M3L,pm5D,1
M3L,pm5VL,1
M3L,g1AL,2
MCR,I2R,1
MCR,I1R,4
MCR,M2R,11
NSML,NSMR,2
pm4VL,M2L,1
pm4VL,pm5VL,2
pm4VL,pm3VL,2
pm4VL,mc1DL,2
pm4VL,mc1V,2
RIPL,RIPL,4
RIPL,RIPR,2
RIPL,ADFL,2
RIPL,RMED,2
RIPL,URAVL,1
RIPL,IL1L,1
I2R,I1R,1
I2R,NSMR,2
I2R,M1,1
I2R,M2R,1
I2R,e3VR,1
I1R,I3,1
I1R,NSMR,2
I1R,pm3VR,3
I1R,pm4VR,2
I1R,RIPR,2
I3,M1,1
I3,M2R,1
I3,MI,1
I3,pm4D,3
I3,pm5D,1
NSMR,pm5D,2
NSMR,M3R,2
pm3VR,pm4VR,2
pm3VR,pm2VR,2
pm3VR,mc1V,2
pm4VR,M3R,1
pm4VR,pm5VR,2
pm4VR,mc1DR,4
pm4VR,mc1V,2
RIPR,RMED,4
RIPR,GLRL,5
RIPR,GLRR,5
I4,M2R,2
I4,M4,1
I4,pm5VL,1
M2L,M4,1
M2L,pm5VL,1
M2L,I5,1
M2L,g1AL,2
M2L,MCL,1
e3VL,pm3VL,4
e3VL,e2VL,1
M1,pm5D,3
M2R,MI,5
M2R,pm5D,1
M2R,I5,1
M2R,g1AR,2
M2R,M3R,1
e3VR,e2VR,1
MI,pm4D,3
pm4D,pm5D,2
pm4D,pm3D,2
pm4D,mc1DL,2
pm4D,mc1DR,2
pm5D,M4,1
pm5D,M3R,1
pm5D,pm6D,2
pm5D,mc2DL,2
pm5D,mc2DR,2
M4,M4,1
M4,pm5VL,1
M4,M5,2
M4,g1AL,7
M4,g1AR,2
M4,I6,5
M4,pm5VR,1
pm5VL,M5,2
pm5VL,pm6VL,2
pm5VL,mc2DL,2
pm5VL,mc2V,2
I5,M5,1
I5,g1AL,4
I5,g1AR,2
M5,M5,1
M5,pm6VL,2
M5,pm6VR,2
g1AR,M3R,5
M3R,pm5VR,1
pm5VR,pm6VR,2
pm5VR,mc2DR,2
pm5VR,mc2V,2
pm6VL,mc3DL,2
pm6VL,mc3V,2
pm6VR,mc3DR,2
pm6VR,mc3V,2
pm2D,pm1,2
pm2D,pm3D,2
pm1,pm2VL,2
pm1,pm2VR,2
pm1,e3D,4
pm2VL,pm3VL,2
e3D,e2D,2
e3D,e2VR,1
pm3D,mc1DL,2
pm3D,mc1DR,2
pm3VL,mc1DL,2
pm3VL,mc1V,2
mc1DL,mc2DL,2
mc1DR,mc2DR,2
pm6D,mc3DL,2
pm6D,mc3DR,2
mc2DL,mc3DL,2
mc2DR,mc3DR,2
mc3DL,pm8,2
mc3DL,pm7D,2
mc3DL,pm7VL,2
mc3DR,pm8,2
mc3DR,pm7D,2
mc3DR,pm7VR,2
mc3V,pm8,2
mc3V,pm7VL,2
mc3V,pm7VR,2
pm8,pm7D,2
pm8,pm7VL,2
pm8,pm7VR,2
ASIR,ASIL,3
ASIR,AIAL,2
ASIR,ASGR,4
ASIR,AIYR,1
ASIR,AIAR,3
ASIL,AINR,1
ASIL,AIAL,1
ASIL,CEPshVL,1
AINR,ASGL,1
AINR,AINL,1
AINR,AUAL,3
AINR,RIAL,2
AINR,BAGL,3
AINR,ADER,4
AIAL,AIAR,7
AIAL,ASJL,1
AIAL,AWAL,1
AIAL,AWBL,1
AIAL,AWCR,1
AIAL,AIBL,5
AIAL,ASKL,2
CEPshVL,CEPVL,1
ASGR,AIAR,3
ASGR,ADFR,1
ASGR,AIZR,1
ASGR,ASER,3
ASGR,AWCR,2
ASGR,ADLR,1
ASGR,AINL,1
AIYR,AUAR,1
AIYR,AIYL,4
AIYR,RIMR,3
AIAR,AIAR,2
AIAR,AWAR,3
AIAR,ADFR,4
AIAR,AWCR,1
AIAR,ASHR,1
AIAR,ASKR,1
ASJR,ASJL,7
ASJR,AIMR,1
ASJR,PVQR,5
ASJL,IL2L,1
ASJL,ALA,2
ASJL,PVQL,1
ASJL,SMDDR,1
IL2L,RMGL,5
IL2L,URBL,4
IL2L,URXL,1
IL2L,ADEL,2
IL2L,RMER,2
IL2L,OLLL,2
IL2L,URAVL,1
IL2L,RMDL,2
ALA,exc_gl,1
ALA,ASKR,1
ALA,HSNL,1
ALA,HSNR,1
ALA,AVER,3
ALA,PVDR,250
ALA,PVDL,250
ALA,CANL,401
ALA,CANR,401
ALA,RID,4
ALA,exc_cell,100
PVQL,PVQR,46
PVQL,hyp,3
PVQL,ADAL,4
PVQL,ASKL,8
PVQL,AVHR,3
PVQL,PHBL,3
PVQL,PVPL,8
PVQL,AVKR,2
PVQL,AVFR,2
PVQL,DA08,1
SMDDR,ASGL,2
SMDDR,hyp,1
SMDDR,AIBL,1
SMDDR,AVER,1
SMDDR,ALNL,2
SMDDR,SMDVL,1
SMDDR,SMBDR,1
SMDDR,SIADR,1
SMDDR,RMDDR,1
SMDDR,RIBR,2
SMDDR,RIS,5
SMDDR,VD01,5
AIMR,SMBVR,1
AIMR,AVKR,3
AIMR,CEPVR,1
PVQR,ASER,1
PVQR,ADAR,2
PVQR,ASKR,25
PVQR,AVHR,2
PVQR,ADER,2
PVQR,DVC,7
PVQR,PVT,1
PVQR,PDA,1
PVQR,AVFL,5
PVQR,DVB,1
PVQR,PVWR,1
AWAR,AWAL,2
AWAR,ADFR,3
AWAR,AIZR,3
AWAL,ADLL,1
AWAL,AIZL,3
ADLL,ADLR,6
ADLL,RMGL,3
ADLL,hyp,1
ADLL,AVDR,2
AIZL,AIZR,18
AIZL,ASGL,3
AIZL,ADFL,1
AIZL,ASHL,2
AIZL,RIH,1
AIZL,AIBR,3
AIZL,RIGL,1
ADFR,AWBR,1
ADFR,AFDR,5
ADFR,hyp,2
ADFR,RIH,1
ADFR,ADAR,4
ADFR,SMDVR,2
ADFR,SMBVR,1
AIZR,AIBL,4
AIZR,ASHR,6
AWBL,ASGL,1
AWBL,AWBR,3
AWBL,AUAL,4
AWBL,RMGL,1
ASGL,ASEL,3
ASGL,AIML,1
ASEL,AWCR,2
ASEL,AFDL,6
ASEL,AFDR,2
ASEL,AWCL,1
AIML,SIBDR,2
ASER,AWBR,1
ASER,AFDR,1
ASER,hyp,1
AWCR,AFDR,3
ADLR,ASKR,1
AINL,AUAR,1
AINL,ADEL,2
AWBR,AUAR,3
AWBR,RMGR,1
AWBR,RICL,4
AUAL,AUAR,2
AUAL,AWCL,1
AUAL,RMDVL,2
RMGL,ASHL,3
RMGL,AVEL,2
RMGL,URXL,3
RMGL,ALML,3
RMGL,RMDDR,1
RMGL,AVFR,1
RMGL,RMHL,6
AUAR,URXR,3
RMGR,SMBVR,3
RMGR,ASHR,3
RMGR,ASKR,1
RMGR,IL2R,1
RMGR,URXR,5
RMGR,ALNR,1
RMGR,PVPR,3
RMGR,RMHR,4
RMGR,RIFR,1
RMGR,RMHL,1
RICL,ASHL,5
RICL,AVKR,4
AFDL,AFDR,1
AFDL,ADFL,3
AFDL,URBL,9
AFDL,AIYL,2
AFDL,AIBL,2
AFDL,AVEL,1
AFDR,ASHR,4
AFDR,URBR,2
AFDR,AIBR,2
AFDR,RMDVR,1
AWCL,ADFL,1
hyp,AVEL,2
hyp,AVHL,35
hyp,AVHR,11
hyp,AVAR,4
hyp,ALNL,3
hyp,PVR,12
hyp,PHAL,1
hyp,PHBL,3
hyp,PHCL,1
hyp,PLNR,2
hyp,PHAR,1
hyp,VA02,1
hyp,DVA,4
hyp,PVPL,47
hyp,PVPR,4
hyp,AVKL,1
hyp,AVKR,34
hyp,PQR,1
hyp,PVNL,2
hyp,AVJL,3
hyp,AVJR,3
hyp,AVDL,3
hyp,PVCL,4
hyp,PLML,3
hyp,AVAL,3
hyp,PVCR,3
hyp,DVC,2
hyp,PVT,1
hyp,AVBR,5
hyp,DA09,1
hyp,PDA,2
hyp,DB07,1
hyp,AS11,31
hyp,VA11,1
hyp,PVDR,400
hyp,PVDL,400
hyp,AVG,6
hyp,VA10,2
hyp,CANL,140
hyp,CANR,140
hyp,PHBR,4
hyp,RID,4
hyp,AVFR,3
hyp,DA08,1
hyp,AVFL,8
hyp,PVWR,4
hyp,PDB,11
hyp,VD12,5
hyp,AS10,7
hyp,PVWL,6
hyp,VB11,1
hyp,mu_intR,4
hyp,mu_anal,4
hyp,mu_sph,4
ADFL,ASHL,1
ADFL,URBL,1
ADFL,ADAL,5
ADFL,RIAL,1
ADFL,GLRVR,1
ADFL,exc_gl,1
ASHL,ADAL,2
ASHL,ASHR,7
ASHL,ASKL,18
URBL,OLQDL,3
URBL,IL1L,2
ADAL,ADAR,3
ADAL,AVDR,2
ADAL,OLQVL,4
RIAL,SMDVL,4
RIAL,RIBL,1
GLRVR,RMEV,17
exc_gl,hmc,118
RIH,FLPL,1
RIH,OLQDR,2
RIH,CEPVL,1
ADAR,ASHR,3
ADAR,AVDL,3
SMDVR,AVEL,1
SMDVR,RMDVR,8
SMDVR,RIVR,8
SMDVR,RIAR,1
SMBVR,URBR,1
SMBVR,SMBDR,2
SMBVR,AVKL,2
SMBVR,AVKR,6
SMBVR,SIBDR,1
SMBVR,SAAVL,17
AIYL,AVKL,1
AIYL,RIML,5
AIBL,ASKL,1
AIBL,RIGR,3
AIBL,SDQR,1
AIBL,FLPL,1
AIBL,SIADR,1
AIBL,RIVL,1
AIBL,DVC,2
AIBL,RMED,2
AIBL,RIMR,1
AIBL,RIS,1
AVEL,RMDVR,2
AVEL,AVER,5
AVEL,BAGR,1
AVEL,PVPR,1
AVEL,AVAL,2
AVEL,AS01,2
AVEL,RMEV,1
AVEL,RIML,10
AVEL,RIMR,7
AVEL,RIS,3
AVEL,AVL,1
ASHR,ASKR,2
ASHR,AVHL,2
ASHR,RICR,4
ASHR,AVER,1
ASHR,AVAR,2
URBR,IL2R,4
URBR,OLQDR,7
URBR,OLQVR,5
AIBR,ASKR,3
AIBR,RICR,1
AIBR,RIGL,3
AIBR,SMDDL,2
AIBR,RIVR,3
AIBR,PVPL,2
AIBR,DVC,9
AIBR,PVT,1
AIBR,RIML,2
AIBR,RIS,3
AIBR,SIAVL,1
RMDVR,AVER,7
RMDVR,AVAR,1
RMDVR,SAADL,1
RMDVR,RMDDR,5
RMDVR,SAAVR,9
RMDVR,OLQDR,1
RMDVR,IL1DR,1
RMDVR,RMDR,1
RMDVR,SIAVL,1
ASKR,ASKR,2
ASKR,ASKL,9
ASKR,HSNL,3
ASKR,AVHR,10
ASKR,HSNR,3
ASKL,AVHL,8
ASKL,HSNL,1
AVHL,AVHR,15
AVHL,PHAL,1
AVHL,PHBL,1
AVHL,PVPR,6
AVHL,PVNL,1
AVHL,AVJR,6
AVHL,AVDL,2
AVHL,LUAL,1
AVHL,DB07,3
AVHL,AS11,3
AVHL,PHBR,10
AVHL,AVFR,11
AVHL,AVFL,4
AVHL,VD12,8
AVHL,AS10,1
HSNL,HSNR,1
HSNL,PVPL,1
HSNL,PVNR,2
HSNL,RIFL,1
HSNL,BDUR,1
AVHR,PHBL,2
AVHR,PHAR,2
AVHR,PVPL,4
AVHR,PVPR,3
AVHR,AVJL,3
AVHR,AVJR,2
AVHR,DVC,4
AVHR,AS11,17
AVHR,AVG,4
AVHR,PHBR,2
AVHR,AVFR,7
AVHR,DA08,5
AVHR,AVFL,5
AVHR,VD12,13
AVHR,SIAVL,1
AVHR,DD06,1
HSNR,PVPR,1
HSNR,PVNR,2
HSNR,DD01,1
HSNR,BDUR,1
RICR,URXR,1
RICR,AVKL,2
RICR,RMHR,1
AVER,AVAR,2
AVER,AVKR,1
AVER,DA01,1
AVER,AS01,1
AVER,RMDVL,1
AVER,RMDDL,2
AVER,RMEV,1
AVER,RIML,9
AVER,RIMR,11
AVER,RMDR,5
AVER,RIFL,1
AVAR,AVDR,15
AVAR,PHBL,1
AVAR,AVBL,3
AVAR,PQR,17
AVAR,AVJR,3
AVAR,AVDL,2
AVAR,PVCL,10
AVAR,PLML,3
AVAR,AVAL,18
AVAR,LUAR,4
AVAR,PVCR,22
AVAR,DA01,9
AVAR,DA02,3
AVAR,DA03,7
AVAR,SAAVR,1
AVAR,PVT,2
AVAR,DA09,4
AVAR,VA11,16
AVAR,PVDL,4
AVAR,DA05,5
AVAR,VA10,4
AVAR,AS03,1
AVAR,SIBDL,1
AVAR,PHCR,1
AVAR,VA12,3
AVAR,URYDR,5
AVAR,URYVL,1
AVAR,RIML,8
AVAR,RIMR,2
AVAR,RMDR,2
AVAR,DA08,5
AVAR,PVWR,2
AVAR,AS10,2
AVAR,VD11,1
AVAR,AS06,2
AVAR,AS05,3
AVAR,SABVR,2
AVAR,DA04,2
AVAR,DA06,4
AVAR,VA01,7
AVAR,VA03,3
AVAR,VA04,3
AVAR,VA07,5
AVAR,VA08,2
AVAR,VA09,5
AVAR,SABVL,15
AVAR,VA05,5
AVDR,ALMR,2
AVDR,PQR,3
AVDR,PVNL,1
AVDR,PVNR,1
AVDR,AVJL,6
AVDR,AVDL,6
AVDR,PLML,2
AVDR,AVAL,9
AVDR,PVCR,2
AVDR,FLPR,2
AVDR,SIBDL,1
AVDR,PVWR,1
AVDR,SIADL,1
BAGR,BAGL,1
BAGR,RIR,5
BAGL,RIR,4
BAGL,RIGL,1
BAGL,RIGR,2
RIGL,RIGR,81
RIGL,PVPL,2
RIGL,AVKL,2
RIGL,OLLL,3
RIGL,OLQDL,3
RIGL,OLQVL,2
RIGL,URYDL,4
RIGL,URYVL,3
RIGL,RIBL,3
RIGL,VD01,3
RIGL,RMFL,1
RIGL,RMEL,2
RIGR,AQR,3
RIGR,AVKL,1
RIGR,AVKR,2
RIGR,ADEL,1
RIGR,OLQDR,4
RIGR,OLQVR,6
RIGR,URYDR,3
RIGR,OLLR,5
RIGR,RIBR,2
RIGR,VD01,2
RIGR,RMFL,1
IL2R,URXR,4
ALNL,SMDVL,1
ALNL,SMBDR,3
SMDVL,RIVL,2
SMDVL,RMDVL,5
SMDVL,RMEV,1
SMDVL,RIS,2
SMDVL,VB01,6
SMDVL,SAAVL,8
SMBDR,SIADR,3
SMBDR,AVKL,2
SMBDR,AVKR,9
SMBDR,ALML,1
SMBDR,RIBR,2
SMBDR,SAAVL,2
ADER,ALNR,2
ADER,AVKL,4
ADER,AVJR,1
ADER,PVM,1
ADER,FLPR,4
ALNR,PVR,16
ALNR,SMDDL,1
PVR,PLMR,3
PVR,PHAR,2
PVR,DVA,15
PVR,ALMR,3
PVR,PVNR,5
PVR,AVM,4
PVR,ALML,3
PVR,PVM,1
PVR,PDEL,8
PVR,PDER,9
PVR,PLML,15
PVR,LUAL,6
PVR,LUAR,9
PVR,PVCR,19
PVR,DA09,15
PVR,DB07,4
PVR,PVWR,2
PVR,BDUR,3
PVR,PDB,13
PVR,VD13,1
SMDDL,SAAVR,4
SMDDL,SIBDL,3
SMDDL,RMDL,2
SMDDL,RIBL,3
SMDDL,RIBR,4
SMDDL,RMDDL,3
SMDDL,RIS,2
SMDDL,RMHL,1
SMDDL,RIAR,1
PHAL,PLNL,1
PHAL,PHCL,1
PHAL,PHAR,7
PHAL,PVPR,7
PHAL,AVG,3
PLNL,PHBL,1
PLNL,PHCL,2
PHBL,AVJR,1
PHBL,PVCL,3
PHBL,PHBR,17
PHCL,AVAL,1
PHCL,PHCR,2
PHCL,VA12,1
PLMR,PLNR,1
PLMR,PDEL,4
PLMR,PDER,2
PLMR,AVAL,1
PLMR,LUAR,9
PLMR,PVCR,8
PLNR,PHAR,6
PLNR,VA02,2
PHAR,PVPL,15
PHAR,PDA,1
PHAR,AVG,2
PHAR,PHCR,1
VA02,AVAL,13
VA02,DA03,1
VA02,SABD,12
VA02,VA06,1
VA02,VD02,1
SDQR,SDQL,2
SDQR,DVA,1
SDQR,ALMR,2
SDQR,SAADL,1
SDQR,AVBL,1
SDQR,RIVL,5
SDQR,RIVR,3
SDQR,SIBVL,2
SDQR,SIAVR,1
SDQL,FLPL,1
SDQL,DVA,1
SDQL,SIADR,1
FLPL,SIADR,1
FLPL,AVDL,5
FLPL,FLPR,6
FLPL,DD01,1
DVA,SIADR,1
DVA,AVBL,11
DVA,SIAVR,1
DVA,PVPL,1
DVA,AVKL,18
DVA,PVCL,3
DVA,PVM,1
DVA,PDEL,3
DVA,PDER,6
DVA,PVCR,1
DVA,SAAVR,1
DVA,DVC,1
DVA,PVT,8
DVA,AVBR,3
DVA,DA09,3
DVA,PDA,1
DVA,DB01,3
DVA,DB07,3
DVA,AS11,1
DVA,VA11,1
SIADR,RIBR,3
SIADR,RIMR,1
ALMR,AVM,16
SAADL,RIVR,1
SAADL,SMBDL,3
AVBL,SIBVL,2
AVBL,AQR,3
AVBL,PVNR,5
AVBL,DB03,9
AVBL,AVBR,18
AVBL,DB07,13
AVBL,VB10,4
AVBL,VB09,4
AVBL,RIBL,6
AVBL,RIBR,2
AVBL,RID,2
AVBL,VB01,1
AVBL,VB11,5
AVBL,DB04,4
AVBL,DB05,3
AVBL,DB06,4
AVBL,AS06,1
AVBL,VB02,14
AVBL,VB04,3
AVBL,VB05,3
AVBL,VB06,3
AVBL,VB07,4
AVBL,VB08,4
RIVL,RIVR,28
RIVL,SIBDR,1
RIVL,SAADR,2
SIBVL,PVCR,1
SIBVL,AVBR,4
SIBVL,ADEL,1
SIBVL,SIBDL,8
SIBVL,RMDL,2
SIBVL,SIAVL,2
SIBVL,SIBVR,1
SIBVL,SMBVL,2
SIAVR,RMDL,1
SIAVR,RMDVL,1
SIAVR,RIBR,2
SIAVR,RIAR,1
PVPL,PVPL,1
PVPL,AQR,41
PVPL,PVPR,2
PVPL,AVKL,3
PVPL,AVKR,22
PVPL,PQR,16
PVPL,PVNL,2
PVPL,AVAL,1
PVPL,DVC,20
PVPL,PVT,14
PVPL,AS11,6
PVPL,AVG,3
PVPL,PHBR,1
PVPL,VA12,1
PVPL,AVFR,3
PVPL,AVFL,2
PVPL,DVB,4
PVPL,PDB,1
PVPL,VD13,11
PVPL,DD06,2
PVPL,AVL,1
PVPL,vBWML19,2
AQR,PVPR,61
AQR,AVKL,7
AQR,AVKR,2
PVPR,AVKL,6
PVPR,PQR,10
PVPR,PVNR,2
PVPR,AVJL,1
PVPR,AVAL,2
PVPR,DVC,34
PVPR,PVT,17
PVPR,DVB,4
PVPR,VD12,35
PVPR,DD06,9
PVPR,AVL,8
PVPR,PVWL,1
PVPR,VC01,1
AVKL,AVKR,9
AVKL,PVM,1
AVKL,PDER,1
AVKL,PVT,5
AVKL,AS11,1
AVKL,VB10,1
AVKL,AS10,1
AVKL,AVL,3
AVKL,SMBDL,2
AVKL,SMBVL,6
AVKL,VB11,1
AVKR,PDEL,1
AVKR,PVT,1
AVKR,RIMR,1
AVKR,SMBDL,1
PQR,PVNL,3
PQR,PVNR,2
PQR,AVJL,5
PQR,AVJR,2
PQR,AVDL,2
PQR,PVCL,2
PVNL,PVNR,2
PVNL,AVJL,5
PVNL,AVJR,1
PVNL,PVCL,2
PVNL,LUAL,3
PVNL,AVAL,1
PVNL,PVT,2
PVNL,AVBR,7
PVNL,BDUL,1
PVNR,AVJR,5
PVNR,AVDL,1
PVNR,LUAR,2
PVNR,DVC,1
PVNR,PVT,3
PVNR,AVBR,2
PVNR,AVFL,1
PVNR,PVWR,6
PVNR,VD13,1
AVJL,AVJR,10
AVJL,PVCL,3
AVJL,LUAL,5
AVJL,AVAL,7
AVJL,LUAR,1
AVJL,PVCR,19
AVJL,PVT,1
AVJL,RIS,15
AVJL,PVWR,5
AVJL,RIFR,1
AVJL,PDB,2
AVJL,PVWL,3
AVJR,AVDL,1
AVJR,PVCL,3
AVJR,AVAL,4
AVJR,LUAR,1
AVJR,PVCR,1
AVJR,AVG,1
AVJR,PHCR,1
AVDL,AVM,8
AVDL,PLML,3
AVDL,AVAL,7
AVDL,FLPR,9
AVDL,PVT,1
AVDL,VA10,1
AVDL,RIFL,1
PVCL,PDEL,2
PVCL,PDER,1
PVCL,PLML,4
PVCL,LUAL,1
PVCL,AVAL,5
PVCL,PVCR,67
PVCL,DB07,8
PVCL,VB10,2
PVCL,VA12,18
PVCL,DA08,17
PVCL,AVFL,1
PVCL,VD13,1
PVCL,DD06,1
PVCL,PVWL,4
PVCL,VB11,4
PVCL,DA04,1
PVCL,DA07,1
AVM,ALML,7
ALML,RMDDR,2
RMDDR,ADEL,1
RMDDR,RMDL,1
RMDDR,OLQVR,1
RMDDR,SIADL,1
RMDDR,SAADR,1
RMDDR,RIAR,1
PVM,PVM,1
PVM,PDEL,11
PVM,PDER,8
PVM,DB03,2
PVM,VD09,1
PDEL,PDER,25
PDEL,PLML,2
PDEL,VB10,1
PDEL,VD06,2
PDER,VD09,5
PDER,PLML,3
PDER,PVCR,2
PDER,PVDR,1
PDER,VB10,4
PDER,VB09,7
DB03,AVBR,2
DB03,RID,1
DB03,DB04,1
DB03,VB06,1
DB03,DB02,14
DB03,DD03,1
VD09,PVDR,1
VD09,DD04,1
VD09,DD05,1
VD09,VD08,6
VD09,VD10,6
PLML,LUAL,8
PLML,AVAL,2
LUAL,AVAL,2
AVAL,LUAR,2
AVAL,PVCR,15
AVAL,DA01,2
AVAL,DA02,7
AVAL,DA03,6
AVAL,DA09,1
AVAL,VA11,2
AVAL,PVDR,6
AVAL,DA05,2
AVAL,VA10,6
AVAL,PHCR,3
AVAL,URYDL,2
AVAL,URYVR,2
AVAL,RIMR,11
AVAL,DA08,8
AVAL,AS10,5
AVAL,VB11,2
AVAL,SABD,7
AVAL,SABVR,8
AVAL,DA04,2
AVAL,DA06,4
AVAL,DA07,10
AVAL,VA01,5
AVAL,VA03,6
AVAL,VA04,6
AVAL,VA06,13
AVAL,VA07,2
AVAL,VA08,2
AVAL,VA09,5
LUAR,PVT,4
LUAR,PVWR,3
LUAR,PVWL,3
PVCR,PVT,4
PVCR,DA09,3
PVCR,DB07,2
PVCR,VA11,3
PVCR,PVDR,2
PVCR,PVDL,1
PVCR,VB10,1
PVCR,PHCR,5
PVCR,VA12,8
PVCR,SIBDR,1
PVCR,PVWR,10
PVCR,PVWL,10
PVCR,SIBVR,1
PVCR,VB11,2
PVCR,DA07,3
PVCR,VA09,3
FLPR,DA01,5
FLPR,DA02,6
FLPR,DA03,16
FLPR,AS01,1
DD01,VD01,1
DD01,RIFR,2
DD01,VC01,1
DD01,SABVR,1
DD01,DD02,6
DD01,VD02,3
DD01,VD03,4
DD01,vBWML8,2
DD01,vBWMR8,2
DA01,DA02,1
DA01,SABVR,1
DA02,DA05,1
DA02,AS03,1
DA02,VA01,9
DA02,VA05,3
DA02,AS02,2
DA03,PVDL,1
DA03,DA05,1
DA03,DA04,1
DA03,VA06,1
DA03,AS04,4
AS01,VA03,3
AS01,VA05,3
SAAVR,VB01,1
SAAVR,RMFL,1
SAAVR,SMBDL,1
SAAVR,SAAVL,1
SAAVR,RIAR,1
SAAVR,SMBVL,16
DVC,PVT,11
DVC,PVDR,1
DVC,AVG,12
DVC,DVB,15
DVC,VD01,2
DVC,VD13,1
DVC,VC05,1
DVC,DD06,1
DVC,AVL,22
DVC,VD11,1
DVC,VC06,1
PVT,AVG,4
PVT,PHBR,1
PVT,URAVL,1
PVT,RMEV,1
PVT,DVB,3
PVT,PVWR,2
PVT,VD13,17
PVT,VD12,4
PVT,VC05,2
PVT,DD06,3
PVT,AVL,6
PVT,VD11,3
PVT,VC06,2
PVT,VC02,1
PVT,VC03,1
AVBR,DB01,15
AVBR,DB07,3
AVBR,VB09,4
AVBR,RIBL,3
AVBR,RIBR,3
AVBR,RID,7
AVBR,SIBVR,1
AVBR,VB11,6
AVBR,DB04,5
AVBR,DB05,4
AVBR,DB06,4
AVBR,AS06,1
AVBR,VB02,6
AVBR,VB04,5
AVBR,VB05,3
AVBR,VB06,4
AVBR,VB07,3
AVBR,VB08,4
AVBR,DB02,3
AVBR,AS05,2
AVBR,VB03,7
DA09,PDA,9
DA09,VA11,3
DA09,PHCR,7
DA09,VA12,1
DA09,RID,1
DA09,DA08,15
DA09,VD13,2
DA09,AVL,4
DA09,VB11,1
PDA,DA08,1
PDA,PDB,5
PDA,DD06,1
PDA,AVL,3
DB01,PVDL,1
DB01,RID,2
DB01,DB02,5
DB01,VB03,5
DB01,DA06,1
DB07,VA10,1
DB07,PDB,2
DB07,AS10,1
DB07,DB06,5
AS11,AVG,1
AS11,RID,1
AS11,DA08,1
AS11,AVFL,2
AS11,DVB,4
AS11,PDB,4
AS11,vBWML19,2
AS11,VB11,1
VA11,VB10,3
VA11,VA12,1
PVDR,PVDL,3
PVDR,hmc,400
PVDR,AS03,1
PVDR,CANR,100
PVDL,AVG,1
PVDL,DA05,1
PVDL,VA10,1
PVDL,CANL,100
PVDL,hmc,400
AVG,PHCR,1
AVG,AVFL,1
AVG,RIFR,3
AVG,DD06,1
DA05,AS06,5
VA10,DA08,2
CANL,exc_cell,200
hmc,vBWML8,19
hmc,vBWMR8,87
hmc,dBWML9,4
hmc,dBWML7,153
hmc,dBWML8,244
hmc,dBWMR7,123
hmc,dBWMR8,174
hmc,vBWML5,98
hmc,vBWML7,68
hmc,vBWMR5,30
hmc,vBWMR7,133
CANR,exc_cell,200
ADEL,RMER,1
ADEL,SIBDL,1
RMER,RMDL,1
RMER,IL1L,1
RMER,RMEV,1
RMER,GLRL,10
RMER,GLRR,10
SIBDL,RIBL,5
SIBDL,SIAVL,2
SIBDL,SMBDL,1
SIBDL,SMBVL,3
VB10,VB09,5
VB10,VD12,1
VB10,VD11,1
VD06,DD03,2
VD06,VD05,10
VD06,VD07,15
VB09,VB08,5
PHCR,PHBR,1
VA12,DA08,6
VA12,VD13,6
VA12,VD12,8
VA12,AS10,3
VA12,DD06,7
VA12,VB11,7
URADL,IL2DL,1
URADR,IL2DR,1
URADR,URYDR,1
IL2DR,RMED,1
RMED,GLRDL,9
RMED,GLRDR,9
RMED,RMEV,6
RMED,IL1VL,3
RMED,CEPshVR,6
OLLL,OLLR,11
URAVL,IL2VL,3
URAVL,CEPVL,3
RMDL,RMDVL,1
RMDL,RMDDL,1
RMDL,RIML,1
CEPVR,IL2VR,1
CEPVR,OLQVR,1
IL2VR,IL1VR,1
IL1VR,IL1R,8
IL1VR,IL1VL,11
IL1VR,URAVR,4
OLQDL,CEPDL,2
OLQDL,RIBL,5
OLQDL,RMDVL,1
OLQDR,CEPDR,8
OLQDR,RIBR,5
CEPDR,GLRDL,2
CEPDR,GLRDR,2
GLRDL,dBWML2,5
GLRDL,dBWML1,4
GLRDL,dBWML6,2
GLRDL,dBWMR1,5
GLRDL,dBWMR6,5
GLRDL,dBWMR7,3
GLRDR,RMEL,10
GLRDR,dBWMR1,5
GLRDR,dBWMR5,2
GLRDR,dBWMR6,2
GLRDR,vBWML1,4
OLQVL,CEPVL,4
OLQVL,RIBL,2
OLQVL,RMDDL,3
OLQVR,RMDVL,2
OLQVR,RIBR,6
OLQVR,RMHR,1
RIBL,RIBL,3
RIBL,RIBR,15
RIBL,RMEV,2
RIBL,SIAVL,1
RIBL,SIBVR,2
RIBL,SIADL,2
RMDVL,RMDDL,2
RMDVL,SIBVR,1
RMDVL,SAAVL,3
RIBR,RIBR,5
RIBR,SIBDR,2
RIBR,SIBVR,6
RMDDL,IL1VL,1
RMDDL,SIBVR,2
RMDDL,RIAR,1
IL1DR,IL1DL,3
IL1DR,RMEV,4
IL1DR,IL1R,8
IL1DL,IL1L,2
IL1DL,RMEV,1
IL1L,IL1VL,8
RMEV,RIS,1
RMEV,RMEL,4
RMEV,GLRR,9
RMEV,GLRVL,17
SIBDR,SIBVR,10
RIML,RIS,2
RIML,SIADL,1
RIML,RMFL,3
RIMR,RIS,2
RIS,RMDR,1
RID,RID,5
RID,PDB,2
AVFR,AVFL,31
AVFR,VC04,1
AVFR,VC05,1
AVFR,VB01,1
DA08,DVB,5
DA08,DD06,2
DA08,DA07,1
AVFL,VD12,3
AVFL,VC04,1
AVFL,VC05,1
DVB,DVB,2
DVB,VD13,5
DVB,DD06,3
DVB,AVL,14
PVWR,VD13,2
PVWR,AVL,3
PVWR,PVWL,2
RIFL,VD01,1
VD01,VC01,1
VD01,VC02,1
VD01,VD02,4
PDB,VD13,4
PDB,DD06,2
VD13,VD12,6
VD13,DD06,2
VD13,AVL,5
VD13,PVWL,1
VD12,DD06,14
VD12,AVL,2
VD12,VB11,1
VD12,VD11,6
VC04,VC05,4
VC04,VC03,4
VC05,VC05,4
VC05,VC06,4
VB01,VB02,2
VB01,DB02,1
VB01,SABD,3
AS10,DA07,1
SIAVL,RIAR,1
DD06,AVL,28
DD06,VD11,3
DD06,DD05,3
AVL,VD11,1
vBWML19,vBWML18,15
vBWML19,vBWML20,15
VC01,VC02,12
VC01,VC03,7
SIBVR,RMHL,3
SIBVR,SMBDL,1
SIADL,SMBDL,2
RMFL,SAADR,1
RMEL,GLRL,10
VD11,DD05,1
VD11,VD10,6
VC02,VC02,1
VC02,VC03,3
VC02,DD04,2
VC03,DD04,2
VC03,vm2AL,2
VC03,vm2AR,2
VC03,vm2PL,2
VC03,vm2PR,2
DB04,DB05,5
DB04,VB07,1
DB04,DD03,1
DB05,DB06,5
VB02,VB04,1
VB02,VB07,1
VB02,VB03,10
VB04,VB05,1
VB04,DB02,1
VB04,VB03,1
VB05,VB06,5
VB06,VB07,5
VB07,VB08,5
VB08,VA09,3
VB03,VA04,1
SABD,VA03,2
DA04,VA03,1
VA03,AS02,2
VA03,VD03,1
VA04,VA07,1
VA04,AS02,9
GLRL,dBWMR4,2
GLRL,dBWMR5,3
GLRL,vBWML1,4
GLRR,dBWMR4,2
GLRR,dBWMR5,3
CEPshVR,dBWML2,5
CEPshVR,dBWML1,4
CEPshVR,dBWML6,2
CEPshVR,dBWMR7,3
DD03,DD02,2
DD03,VD05,1
DD03,DD04,3
DD03,VD07,1
DD02,VD03,1
DD02,VD04,2
DD02,VD05,1
VD02,VD02,3
VD02,VD03,7
VD02,dBWML9,1
VD03,VD04,6
vBWML8,vBWML7,15
vBWML8,vBWML9,15
vBWMR8,vBWMR7,15
vBWMR8,vBWML9,2
vBWMR8,vBWMR9,15
VD04,VD05,1
DD04,VD07,1
DD04,DD05,3
DD04,VD08,2
VD07,VD08,6
DD05,VD10,2
dBWML9,dBWML8,15
dBWML9,dBWML10,15
dBWML2,dBWML1,15
dBWML2,dBWML3,15
dBWML1,dBWML3,15
dBWML3,dBWML4,15
dBWML4,dBWML5,15
dBWML5,dBWML6,15
dBWML6,dBWML7,15
dBWML7,dBWML8,15
dBWMR2,dBWMR1,15
dBWMR2,dBWMR3,15
dBWMR1,dBWMR3,15
dBWMR3,dBWMR4,15
dBWMR4,dBWMR5,15
dBWMR5,dBWMR6,15
dBWMR6,dBWMR7,15
dBWMR7,dBWMR8,15
dBWMR8,dBWMR9,15
vBWML2,vBWML1,15
vBWML2,vBWML3,15
vBWML1,vBWML3,15
vBWML3,vBWML4,15
vBWML4,vBWML5,15
vBWML5,vBWML6,15
vBWML6,vBWML7,15
vBWMR2,vBWMR1,15
vBWMR2,vBWMR3,15
vBWMR1,vBWMR3,15
vBWMR3,vBWMR4,15
vBWMR4,vBWMR5,15
vBWMR5,vBWMR6,15
vBWMR6,vBWMR7,15
dBWML10,dBWML11,15
dBWML11,dBWML12,15
dBWML12,dBWML13,15
dBWML13,dBWML14,15
dBWML14,dBWML15,15
dBWML15,dBWML16,15
dBWML16,dBWML17,15
dBWML17,dBWML18,15
dBWML18,dBWML19,15
dBWML19,dBWML20,15
dBWML20,dBWML21,15
dBWML21,dBWML22,15
dBWML22,dBWML23,15
dBWML23,dBWML24,15
dBWMR9,dBWMR10,15
dBWMR10,dBWMR11,15
dBWMR11,dBWMR12,15
dBWMR12,dBWMR13,15
dBWMR13,dBWMR14,15
dBWMR14,dBWMR15,15
dBWMR15,dBWMR16,15
dBWMR16,dBWMR17,15
dBWMR17,dBWMR18,15
dBWMR18,dBWMR19,15
dBWMR19,dBWMR20,15
dBWMR20,dBWMR21,15
dBWMR21,dBWMR22,15
dBWMR22,dBWMR23,15
dBWMR23,dBWMR24,15
vBWML9,vBWML10,15
vBWML10,vBWML11,15
vBWML11,vBWML12,15
vBWML12,vBWML13,15
vBWML13,vBWML14,15
vBWML14,vBWML15,15
vBWML15,vBWML16,15
vBWML16,vBWML17,15
vBWML17,vBWML18,15
vBWML20,vBWML21,15
vBWML21,vBWML22,15
vBWML22,vBWML23,15
vBWMR9,vBWMR10,15
vBWMR10,vBWMR11,15
vBWMR11,vBWMR12,15
vBWMR12,vBWMR13,15
vBWMR13,vBWMR14,15
vBWMR14,vBWMR15,15
vBWMR15,vBWMR16,15
vBWMR16,vBWMR17,15
vBWMR17,vBWMR18,15
vBWMR18,vBWMR19,15
vBWMR19,vBWMR20,15
vBWMR20,vBWMR21,15
vBWMR21,vBWMR22,15
vBWMR22,vBWMR23,15
vBWMR23,vBWMR24,15
mu_intR,mu_intR,4
mu_intR,mu_anal,4
mu_intR,mu_sph,4
mu_intR,mu_intL,4
mu_anal,mu_anal,4
mu_anal,mu_intL,4
mu_sph,mu_intL,4
mu_intL,mu_intL,4
vm2AL,vm2AR,4
vm2AL,um1AL,4
vm2AL,vm1AL,4
vm2AR,um1AR,4
vm2AR,vm1AR,4
vm2PL,vm2PR,4
vm2PL,um1PL,4
vm2PL,vm1PL,4
vm2PR,um1PR,4
vm2PR,vm1PR,4
um2AR,um2AL,4
um2AR,um1AR,4
um2AL,um1AL,4
um1AL,um1AR,4
um1AL,um1PL,4
um1AR,um1PR,4
um1PL,um1PR,4
um1PL,um2PL,4
um1PR,um2PR,4
um2PL,um2PR,4
vm1AL,vm1AR,4
vm1AL,vm1PL,4
vm1AR,vm1PR,4
vm1PL,vm1PR,4
